{"name":"Habitual","short_name":"Habitual","description":"Improve your habits, one day at a time.","id":"/","start_url":"/","display":"standalone","background_color":"#ffffff","theme_color":"#3498db","orientation":"portrait-primary","launch_handler":{"client_mode":"focus-existing"},"icons":[{"src":"/icons/icon-192x192.png","sizes":"192x192","type":"image/png","purpose":"any"},{"src":"/icons/icon-512x512.png","sizes":"512x512","type":"image/png","purpose":"any"},{"src":"/icons/icon-512x512.png","sizes":"512x512","type":"image/png","purpose":"maskable"}],"screenshots":[{"src":"/screenshots/screenshot1.png","sizes":"1080x1920","type":"image/png","platform":"narrow","label":"Main habit tracking screen."},{"src":"/screenshots/screenshot2.png","sizes":"1080x1920","type":"image/png","platform":"narrow","label":"Dashboard with progress overview."}]}